<?xml version="1.0" encoding="UTF-8"?><SiteRep><Wx><Param name="F" units="C">Feels Like Temperature</Param><Param name="G" units="mph">Wind Gust</Param><Param name="H" units="%">Screen Relative Humidity</Param><Param name="T" units="C">Temperature</Param><Param name="V" units="">Visibility</Param><Param name="D" units="compass">Wind Direction</Param><Param name="S" units="mph">Wind Speed</Param><Param name="U" units="">Max UV Index</Param><Param name="W" units="">Weather Type</Param><Param name="Pp" units="%">Precipitation Probability</Param></Wx><DV dataDate="2019-04-05T12:00:00Z" type="Forecast"><Location i="3840" lat="50.86" lon="-3.239" name="DUNKESWELL AERODROME" country="ENGLAND" continent="EUROPE" elevation="252.0"><Period type="Day" value="2019-04-05Z"><Rep D="S" F="3" G="22" H="91" Pp="64" S="13" T="7" V="EX" W="10" U="1">540</Rep><Rep D="SSE" F="4" G="31" H="95" Pp="96" S="11" T="7" V="MO" W="15" U="2">720</Rep><Rep D="ESE" F="3" G="25" H="97" Pp="98" S="13" T="7" V="MO" W="15" U="1">900</Rep><Rep D="ESE" F="2" G="29" H="95" Pp="95" S="16" T="7" V="MO" W="15" U="1">1080</Rep><Rep D="ESE" F="1" G="31" H="92" Pp="91" S="16" T="6" V="MO" W="15" U="0">1260</Rep></Period><Period type="Day" value="2019-04-06Z"><Rep D="E" F="1" G="25" H="90" Pp="77" S="11" T="6" V="GO" W="12" U="0">0</Rep><Rep D="E" F="1" G="22" H="88" Pp="4" S="11" T="5" V="GO" W="7" U="0">180</Rep><Rep D="E" F="0" G="22" H="92" Pp="4" S="11" T="4" V="GO" W="7" U="1">360</Rep><Rep D="ENE" F="4" G="20" H="89" Pp="1" S="11" T="8" V="GO" W="3" U="2">540</Rep><Rep D="ENE" F="9" G="25" H="65" Pp="1" S="13" T="11" V="VG" W="3" U="4">720</Rep><Rep D="ENE" F="9" G="22" H="59" Pp="1" S="13" T="12" V="VG" W="3" U="2">900</Rep><Rep D="NE" F="7" G="18" H="71" Pp="5" S="11" T="10" V="VG" W="7" U="1">1080</Rep><Rep D="NE" F="3" G="22" H="88" Pp="7" S="11" T="7" V="VG" W="7" U="0">1260</Rep></Period><Period type="Day" value="2019-04-07Z"><Rep D="NE" F="2" G="22" H="92" Pp="5" S="11" T="6" V="VG" W="7" U="0">0</Rep><Rep D="NE" F="1" G="22" H="94" Pp="5" S="11" T="5" V="GO" W="7" U="0">180</Rep><Rep D="NE" F="1" G="22" H="96" Pp="6" S="13" T="5" V="MO" W="7" U="1">360</Rep><Rep D="NE" F="4" G="20" H="89" Pp="5" S="11" T="8" V="GO" W="7" U="2">540</Rep><Rep D="ENE" F="9" G="22" H="80" Pp="6" S="11" T="12" V="GO" W="7" U="3">720</Rep><Rep D="E" F="11" G="18" H="75" Pp="7" S="9" T="13" V="GO" W="7" U="2">900</Rep><Rep D="ESE" F="9" G="13" H="88" Pp="6" S="7" T="11" V="GO" W="3" U="1">1080</Rep><Rep D="ESE" F="5" G="11" H="91" Pp="2" S="7" T="8" V="GO" W="2" U="0">1260</Rep></Period><Period type="Day" value="2019-04-08Z"><Rep D="ESE" F="4" G="13" H="90" Pp="2" S="7" T="7" V="GO" W="0" U="0">0</Rep><Rep D="ESE" F="4" G="13" H="97" Pp="4" S="7" T="6" V="MO" W="2" U="0">180</Rep><Rep D="E" F="4" G="13" H="98" Pp="17" S="9" T="6" V="PO" W="5" U="1">360</Rep><Rep D="ESE" F="7" G="20" H="88" Pp="8" S="9" T="10" V="GO" W="7" U="2">540</Rep><Rep D="SE" F="9" G="22" H="77" Pp="10" S="11" T="11" V="VG" W="7" U="4">720</Rep><Rep D="SE" F="9" G="22" H="72" Pp="6" S="11" T="12" V="VG" W="3" U="2">900</Rep><Rep D="SE" F="8" G="16" H="81" Pp="9" S="9" T="10" V="VG" W="7" U="1">1080</Rep><Rep D="ESE" F="5" G="13" H="94" Pp="13" S="7" T="7" V="VG" W="7" U="0">1260</Rep></Period><Period type="Day" value="2019-04-09Z"><Rep D="E" F="5" G="11" H="94" Pp="15" S="7" T="7" V="GO" W="7" U="0">0</Rep><Rep D="ENE" F="4" G="9" H="96" Pp="13" S="7" T="6" V="GO" W="7" U="0">180</Rep><Rep D="NE" F="3" G="13" H="98" Pp="19" S="9" T="6" V="MO" W="7" U="1">360</Rep><Rep D="ENE" F="6" G="18" H="89" Pp="48" S="9" T="9" V="GO" W="12" U="2">540</Rep><Rep D="ENE" F="8" G="20" H="78" Pp="13" S="11" T="11" V="GO" W="7" U="3">720</Rep><Rep D="NE" F="7" G="22" H="86" Pp="64" S="11" T="10" V="MO" W="14" U="2">900</Rep><Rep D="ENE" F="6" G="20" H="87" Pp="55" S="11" T="9" V="MO" W="12" U="1">1080</Rep><Rep D="NE" F="4" G="16" H="88" Pp="13" S="9" T="7" V="GO" W="7" U="0">1260</Rep></Period></Location></DV></SiteRep>